,content,score
0,Working very slow,1
1,Love from Nepal Vikrant sir&whole team of sports tak,5
2,Kgf,5
3,Luv u vikrant sir,5
4,very nice sports tak,5
5,Very nice app,5
6,Good,5
7,Not able to find watch party,3
8,à¤¦à¤¯à¤¾à¤¡à¤¸ ğŸ™„à¤¡à¤° à¤¡à¥€ à¤¦à¤¦à¥à¤¦ à¤¦à¥à¤¦à¥à¤¦ ddsdsğŸ¤£drddfcdx ğŸ™„à¤‡à¤¡à¤«à¤¾ à¤¸ à¤¸à¤¾à¤ à¥€,5
9,Nice app,5
10,App is not loading any comtent in my mobile... Just showing a white screen nothing else Pls. Solve this issue,3
11,Very good,5
12,Unemployment of the country given these people spaces in social platform. Unbelievable. (Wasted people here),1
13,Can't see watch party+ lags very much,1
14,Not working,1
15,Too much lag worst aap no scores live useless app,1
16,Best,5
17,Thi is good app,5
18,Vikrant gupta nalla hai,1
19,"App does not work . I opened ap no content appears atleast for 10 minutes, i have 150 mbps broadband connection.",2
20,App is good but becomes slowinsh on many more viewers situation hope it will be more good with time nice try,5
21,I am not able to download the app What is the reason?,1
22,There is too much bugs in the app. Now I am deleting the app!,1
23,Too clumsy not easy to fund things you are looking for,2
24,Good job!ğŸ¤©,5
25,Poor,1
26,Jaberjast cricket aap,5
27,Very good commentary and app keep it up,5
28,Maza aaya,5
29,Good,3
30,Cricket ki pal pal ki jaankari ke liye ye Sabse best app hai aur maza bhi aata hai kyuki Vikrant Gupta jee bahut hi mast commentry karte hai!aap log bhi download lijiye sports tak aap,5
31,Very good and informative app and best sports app.,5
32,à¤˜à¤Ÿà¤¿à¤¯à¤¾ app. Don't waste ur data and time.,1
33,à¤à¤ª à¤ à¥€à¤• à¤¹à¥ˆ à¤²à¥‡à¤•à¤¿à¤¨ à¤¯à¤¹ à¤¹à¤° à¤šà¥€à¤œ à¤•à¥‡ à¤²à¤¿à¤ à¤¬à¤¹à¥à¤¤ à¤¸à¤¾à¤°à¥‡ à¤‡à¤‚à¤Ÿà¤°à¤¨à¥‡à¤Ÿ à¤¡à¥‡à¤Ÿà¤¾ à¤•à¤¾ à¤‰à¤ªà¤¯à¥‹à¤— à¤•à¤°à¤¤à¤¾ à¤¹à¥ˆ,1
34,"Very good app, where we can get sports information not of only cricket but other too.Love it",5
35,Very good,5
36,Very slow apps,1
37,Live streaming is too slow,2
38,Worst app.,1
39,Very slow worst app,1
40,Best sports app ever i saw,5
41,Need to improve,2
42,Slow and unreasonable,1
43,Nice,5
44,Good,5
45,"App is ok but it uses lot of intetnet data for videos. It should have options like it is in youtube for video ( 144, 240, 360 etc)",3
46,Excellent,5
47,Thank you,5
48,Bad,1
49,Very bad,1
50,Not good,2
51,Good.......very good,4
52,"New Version of App is really impressive, Good Working ğŸ‘ğŸ» keep it up...âœŒğŸ»ğŸ˜",5
53,"Very good app, it has become after the latest updates , but still their is more need to improve precision and accuracy in ball by ball live scorecards, otherwise it is one of the best recommendable app to people , who want to read and access sports news.",4
54,Very good,5
55,Hanging problem,5
56,Negative infinity,1
57,Vikrant sir always Rock ...... Favourite sports journalist,5
58,Where is IPL match video.,1
59,Fake app isme cricket TV nhi h Ye sirf score h don't download,1
60,Fifa World Cup men 2022 ke baare me koi bhi update nahi hai . Point table bhi update nahi hai,2
61,Good,5
62,Overall very good app for sports live News on update well done âœ… ğŸ‘ğŸ¥°ğŸ¥°ğŸ¥°,5
63,Great app.. just have one bug in yesterday's scorecard..yet to bat was same for lucknow & gujrat.,4
64,Good,5
65,Nice app,5
66,Very nice app ğŸ‘ keep it up ğŸ‘,5
67,BIG FAN OF SPORTS TAK .. SPECIFICALLY VIKRANT SIR .. I WATCH THIS SHOW EVERY DAY ON TV . BUT THIS APP DISAPPOINTED ME A LOT.. MASRAT K SATH KHENA PADH RHA HAI.. SPEACIALY WHEN U R PROMOTING THIS APP ON TV DAILY . DONT WANT TO RIGHT MUST BECZ U R OUR FAMILY ONLY.. BUT MUCH IMPROVMENT IS REQUIRED,1
68,ğŸ‘ğŸ™ğŸ‘,5
69,ğŸ˜¡ğŸ˜¡ğŸ˜¡,1
70,Yah aap me Fast Service Rakhe... Our Tweet Cricketer Ka Post Kare.......,5
71,Nice,5
72,very nice,1
73,Best app but want too much speed of internet to run the app,4
74,Something sensational Looking for,3
75,good application,5
76,Thard class à¤¬à¥‡à¤•à¤¾à¤° app à¤¹à¥‡,1
77,Good,5
78,App very slow &,1
79,Supar,5
80,Fiijhhh,2
81,Vucuffg,5
82,Worst app,1
83,"Need to work a lot on interface and optimization, and ease of finding default options which should be easily available",1
84,Awesome..................,5
85,Superb analysis,5
86,Worst app,1
87,Bakcohd app hai,1
88,Very poor app...cricbuzz is way way ahead,1
89,Unuser frendly application. Need to be proper response after do something.,1
90,After new update or last update app is not working please fix that,1
91,"Excellent app, good work ğŸ‘ğŸ‘ğŸ‘",5
92,Ameging,5
93,ğŸ˜¡ğŸ¤¬ğŸ¤¬ğŸ˜¡ğŸ¤¬ğŸ˜¡ğŸ¤¬ğŸ˜¡ğŸ¤¬ğŸ˜¡ğŸ¤¬ğŸ¤ğŸ¤¬,1
94,5 â­ star ğŸŒ  because of vikrant sir,5
95,I love this huge fan of Vikrant gupta,5
96,Nice application but very slow application... please upgrade it,3
97,Wonderful app Vikrant sir is very good,5
98,Bad,1
99,Excellent ğŸ‘ğŸ‘ğŸ‘,5
100,Good,5
101,Good app,5
102,Very nyc aap,5
103,Ok,1
104,It was working fine but after last update not able to use it tried reinstalling also but now not being able to install also very disappointing,2
105,WorstğŸ‘ App,1
106,"Worst app , No use to download this app, waste of interest",1
107,Too much bug so please resolve.,2
108,Very slow,1
109,Good sport app,3
110,Excellent apps for cricket and other game. Nice presentation of data.,5
111,Needs improvement...,1
112,"Jyada loading ur slow running, Improvement ki jaroorat hai",1
113,Good,5
114,Mujhe press conference dekhni thi hai hi nhi,1
115,Excelent,5
116,Good,5
117,ğŸ˜¡,1
118,Fabulous,5
119,Kabbadi ka schedule nhi dikha rha,1
120,Overall very good app. Just need to work on smooth loading of content.,5
121,"Please don't download this app, very bad bad application",1
122,Very nice app,5
123,Good App,5
124,Boring not showing live,1
125,UGC,5
126,Nice but not working properly li,5
127,Nyv,5
128,Worest app ever lanat ha vikrant guphta b like ye ap ne badi statement dade bt bakwas app ğŸ‘ğŸ‘ğŸ‘ğŸ‘ğŸ‘,1
129,Faltu app hai plis not downlode,1
130,very supar,5
131,Good but very slow process,5
132,Overall application is very good but developers need to work on the smoothness of UI interface.,4
133,Bad app,1
134,Awesome app for cricket lovers,5
135,Good,5
136,Good,5
137,Very nice app,5
138,Handsome men sports running shoes which one I have selected,5
139,"Languages option must be in English ,after download this language selection in other language which3 j dont know how choose language so plz do something needful.",1
140,Too good,5
141,Worst,1
142,Very slow needs an improvement,1
143,"I downloaded app only for ""live"" Video, but there is no option oh live video. Everything in app is ""empty"".ğŸ˜–ğŸ˜–ğŸ¤¬ğŸ¤¬",1
144,Here we see only points and not able to see the live match. And consume more internet,1
145,Very nice,5
146,Worst app...very slow not showing full score card,1
147,Very very very good app,1
148,1st time download : servers down 2nd time download : not able to open a single video Never installing again DONT DOWNLOAD...ITS A GARBAGE APP There is no option for less than 1 star....if it was there I would have definitely given negative ratings,1
149,Laura APP,1
150,Good,1
151,Like,5
152,Ss,5
153,Super â¤ï¸,5
154,Too much internet consuming app and also have buffering problem.,2
155,Black colored background is not appealing,4
156,"Ask your developers to work on this pathetic, heavy, laggy, buggy app. Hyping it up on air won't make this more usable.",1
157,"Worst app ,, don't be downloaded",1
158,Good app,5
159,Good,5
160,Best App for sports,4
161,Wow,5
162,Yahan,5
163,Nice App,4
164,Download 2 min ago. Now I'm deleting this app. Bs promotion accha ho rha iska baki load hone me hi time lg ja rha,1
165,Very slow... In 2021 you can't have apps this slow... The competitors are way too good...,1
166,Thanks a lot. Specially sir #vikrantgupta,5
167,Sunil Jee,5
168,Shandar jabrdast jindabad,4
169,Jabarjast,5
170,Very Very Poor Quality Everytime Update to Update. Vikrant Gupta Sr look hr.. I'm uninstall,1
171,Give news of all sports.,5
172,Vikrant sir rahul Rawat sir..bes,5
173,Sports yarri,1
174,"Very lagging issue in this app. Need lot of improvement like page processing , play video etc. Poora phone hang ho rha hai.",1
175,Worst,1
176,In you tube talks they are taking about to upload match highlight but where it is? #indvsnz ?,1
177,Needs improve,1
178,App responds very slow. Lots of internet wastage,2
179,Very very bad,1
180,Very very good,5
181,Very Good App ğŸ‘Œ Up To Date Daily NEWS Update For All Sports ğŸ’¯ I Am Used Daily This App ğŸ‘Œ Thanks You SportTak ğŸ˜,5
182,à¤¸à¤¬à¤¸à¥‡ à¤˜à¤Ÿà¤¿à¤¯à¤¾ à¤…à¤ªà¥à¤ª à¤¹à¥ˆ à¤¯à¥‡ à¥¤,1
183,Achha hai,5
184,Not bad,4
185,Very best,5
186,"Bed sports app ,only buffering",1
187,There is huge need of improvement. It takes hell lot of time to load and uses excessive amount of Internet. Vikrant Gupta sir look by exaggerating things the app is not going to be best in business you need to improve its performance.,1
188,Great,5
189,"Very slow app, and uses to much data",1
190,Average,3
191,Good,5
192,Very useful app,4
193,Ok,4
194,very nice,5
195,Good,5
196,Please been more information about other sports.,4
197,Best,5
198,Farzi app no ashes highlights no big bash highlights it's just an app full of lies. I expected this still downloaded it just to see I was right.,1
199,Nice,3
200,Worst app there are only one video highlight of BBL and also match score is not seen at home page like cricbuzz and its commentary is also not satisfactory,1
201,Good,4
202,Nice,5
203,Layout is not better. Font icons color etc.,2
204,No Highlights. No background play.,1
205,Awesome,4
206,Lets see in coming months,4
207,Amazing App with Good features,5
208,Kindly change app from Pakistani colour indian brand banao,5
209,Super,5
210,Amazing Apps,5
211,Very good aap,5
212,Exceptional!!,5
213,Gud,1
214,Very bad,1
215,Good,5
216,This,5
217,Very good app All sports update in this app nice to see videos in this app,5
218,I love you ğŸ’•ğŸ’›ğŸ’›,5
219,Very good,5
220,Good,5
221,gd,5
222,Great Achivment by sports tak team,5
223,Good,5
224,Very bad,1
225,Very good,5
226,Top class app,5
227,Sir very disappointed.....i saw no updates regarding any Pakistan match ..as.netural app it should cover all sports news.....not expecting this.....,1
228,Great app for interactive sports analysis.,5
229,Nice... Awesome app... Only for vikrant sir.,5
230,"Need improvement , fix the issues",5
231,Poor ğŸ¥´,1
232,Love vikrant gupta,5
233,Shandar app he,5
234,It's fabulous,4
235,Bahut smooth nhi hai. Lag bahut ho raha hai. Ak section se dusre section par Jane me bahut time leta hai( quick response) nhi krta hai. Ye app hai to us par YouTube video nhi honi chaye i think. Whole summary is app developer ko kuch nhi Ata hai. Uski knowledge waste ho gayi One word= bekar app Please don't use...,1
236,Good thik thik ok ji,5
237,Not satisfied ğŸ˜¥,1
238,Super,5
239,Very very nice sports Tak app,5
240,Sports tak is zero in front of legendary app cricbuzz ğŸ¦¾ğŸ¦¾,1
241,Sports tak fan should download the app must,5
242,Hh,5
243,Nice app,3
244,This aap a very good.,5
245,Where is the highlights section in the app? Also the app runs very slow when scrolling. You should upload highlights of the matches on the match day,2
246,It's good. But improvement requires . Good luck vikrant sir,4
247,ğŸ˜ğŸ‘Œâ£ï¸,5
248,I can not share my experence through words,5
249,Good app good luck,5
250,Bdia,5
251,NiceğŸ‘,4
252,I use this app only for Rahul Rabat sir,5
253,Much Better App ........â¤â¤â¤â¤â¤â¤â¤,5
254,Fantastic app,5
255,Buffers alot,4
256,à¤†à¤ª à¤•à¤¾ à¤¯à¤¹ à¤à¤ªà¥à¤ª à¤¨à¥‡à¤Ÿ à¤œà¥à¤¯à¤¾à¤¦à¤¾ à¤–à¤¾à¤¤à¤¾ à¤¹à¥ˆà¤‚à¥¤à¤”à¤° à¤†à¤ªà¤•à¥‡ à¤¹à¤¾à¤‰à¤œà¥‡à¤Ÿ à¤ªà¤° à¤Ÿà¥€à¤® à¤¬à¤¨à¤¾à¤¤à¥‡ à¤¸à¤®à¤¯ à¤µà¤¿à¤¨à¤¿à¤— à¤ªà¥à¤°à¤¾à¤ˆà¤œ à¤¦à¤¿à¤–à¤¾à¤¯à¤¾ à¤•à¥€à¤› à¤œà¤¾à¤¤à¤¾ à¤¹à¥ˆà¤‚ à¤”à¤° à¤®à¥ˆà¤š à¤šà¤¾à¤²à¥‚ à¤¹à¥‹à¤¨à¥‡ à¤•à¥‡ à¤¬à¤¾à¤¦ à¤”à¤° à¤•à¥à¤› (à¤ªà¥à¤°à¤¾à¤ˆà¤œ à¤•à¤® à¤•à¤° )à¤¦à¤¿à¤¯à¤¾ à¤œà¤¾à¤¤à¤¾ à¤¹à¥ˆà¤‚à¥¤ à¤•à¥à¤¯à¥‹à¤‚,1
257,Very good,4
258,Very nice,5
259,Not happy with this aap. 1. Lookwise 2.taking time to loud. 3. Vedio not play smothly.,1
260,Good experience,5
261,Good,5
262,Ok,5
263,Edyt,2
264,Good,4
265,Only due to Vikrant Gupta,5
266,very helpful app,1
267,This app is very good . But you should add badminton hockey etc. Other sports also there is only cricket and football. And I am also a regular viewer of sports tak in sports tak there are live chats like agenda q/a session also upload those videos the app,5
268,Bakwas,1
269,This app vary bad oprating app,1
270,Nice sports tak,5
271,Excellent,5
272,Ek no,5
273,Fantastic. Superb.,5
274,Good,4
275,Good,5
276,So nice,5
277,Nice app.,5
278,Superb,5
279,Bad,1
280,Vikrant bhai love you,5
281,Good app,5
282,Top,5
283,Very good,5
284,Vikrant gupta,4
285,Best,5
286,Very nice sport app ğŸ’¥ğŸ’¥ğŸ’¥ğŸ’¯ Ab india t20 word cup se aaj bahar ho gayağŸ’¯ğŸ’¯,5
287,"Amazing app Vikrant Sir... The best thing is that every sport is included in it. Really good app. Just give us option to change the theme, then it'll be better...",5
288,Shame on Vikrant Gupta,1
289,Worst Platform #ShameOnSportsTak,1
290,Nice apps,5
291,Faltu app hai Roj update mangta hai,1
292,Good,5
293,third class no download plz,1
294,Excellent,5
295,I love sports,5
296,Very bad,1
297,Im happy,5
298,Awesome app for cricket,5
299,Best app,5
300,Good,5
301,Very good ğŸ‘,5
302,Veri good,5
303,Wow,3
304,Good,5
305,Excellent,5
306,Bakwassss App Kuch B Kam Ka Nai Hai Isme.,1
307,Good sport tak good sport app,5
308,It is very good,4
309,Very good,5
310,keep it up .. full support from pakistan,5
311,Worth,1
312,Nice ğŸ™‚ app I,5
313,Best app,5
314,Good,5
315,Excellent,5
316,à¤®à¤¸à¥à¤¤ à¤¹à¥ˆ,5
317,à¤¬à¤«à¤¯à¥à¤—à¥à¤¸à¥€à¤“à¤¦à¥à¤¦à¥‹à¤—à¤«6à¤‰ à¤¯à¥€à¤¤à¥¤ à¤•à¥‡77à¤¦à¥‹7à¤¤à¤• à¤¡à¤«78à¤«à¤¾à¤—76à¤•à¤¿à¤¸à¥€ à¤—à¥à¤—à¥‚à¤¦à¥,5
318,Very nice,5
319,Hhh,5
320,I'm biggest fan of sports tak app nd sports tak channel also.,5
321,Great app,5
322,very bad experience...,1
323,Love you too â¤ï¸ğŸ’•â¤ï¸ğŸ’•â¤ï¸,1
324,They never replied to messages only reply on paid message pathetic,5
325,Very good,5
326,Very poor app really don't download it,1
327,Good,5
328,Aur behtar kya ja skta h,3
329,Best app!! Download it because of sir Vikrant Gupta â¤ï¸,5
330,Love from Pakistan. Nice app even can change language and theme any time,5
331,It is amazing,5
332,One of the worst app ever..ğŸ˜€,1
333,Very good to use,5
334,Not interested,2
335,Showing wrong timing of T20 world cup of schedule,2
336,Awesome,5
337,à¤…à¤­à¥€ à¤¤à¤• à¤•à¤¾ à¤¸à¤¬à¤¸à¥‡ à¤¬à¥‡à¤¸à¥à¤Ÿ à¤à¤ªà¥à¤ªà¤²à¥€à¤•à¥‡à¤¶à¤¨à¥¤,4
338,Great,5
339,App used my 1.5 gb data in just 3 minutes. Pls do anything.,2
340,Huugg,1
341,Very nice ğŸ‘ app ğŸ‘ŒğŸ‘Œ,5
342,To much slow,1
343,Bekar time waste!,1
344,Nice app,5
345,Nyc,4
346,"Aap ne app ke bare me likha hai 'live score' but kaha live score hai isme , Isme to sirf result hai . You must add live score of all icc cricket match of all country.",1
347,Nice app for sports fan,5
348,"Best neutral platform for sports analysis , question & answers...love the app...good work developers. keep it up",5
349,Amazing app not for only cricket but other soptrs,4
350,I m here after Vikrant bhai request and i m Pakistani but i always wanted ur show everyday love ğŸ’•ğŸ’•ğŸ’•ğŸ’•ğŸ’• to c u give most respect to Pakistani,5
351,Lagging and not working,3
352,Nice,5
353,Love from Pakistan...,5
354,Good app,5
355,Rahul sir k kehne pe,5
356,Very nice application,5
357,Mast ha,5
358,This is very bad app,1
359,When i use it with my unlimited wi-fi its works fine but when i use it using my data its finish my 1.5 gb data in no time. Much more data uses then watching video on you tube.(and i was not watching video only checking live score,2
360,Good,5
361,Virant sir,5
362,Wow perfect,5
363,Good night ğŸ’¤ğŸŒƒğŸ’¤ğŸŒƒ,5
364,Very baid,1
365,Pathetic I just opened app and within 5 minutes my 1gb data is gone,1
366,Change dark mode into light,1
367,Amazing super,5
368,Nice app,5
369,Brilliant app,5
370,Bakwaas waste,1
371,One of the Patehtic sports app I ever seen . Don't understand who told them about dark them . No attractiveness and lot of improvement required.,1
372,Very good app,5
373,Very bad They said world cup highlights be thier lier I gonna unsubscribe you,1
374,I like sports tak,5
375,Good,5
376,Op,3
377,Vinay upraity,2
378,Nice app,5
379,God app,5
380,Nice,5
381,Gud app,4
382,Good,5
383,Excellent app,5
384,Bring Poll System.,5
385,Inspire,5
386,Hindi comnatry highlight,3
387,Very nice ğŸ‘Œapp,5
388,"I love sports tak, so I gave 3 Star.",3
389,Ccc,4
390,Very good app love Sports takk because of vikky bhaajji and Rahul Rawat ji best sports journalist of Entire India,5
391,"Useless talks on live show by all reporters, ludo saapsidi ki baat karte hai ye loog live show mein",1
392,Rajendra,5
393,Nice app â¤ï¸â¤ï¸â¤ï¸â¤ï¸,5
394,Very good,3
395,The application is awesome,5
396,"UX is not good. I think it is built by inexperienced developer. I think it is cost cutting. Just one right thing, there is no ads",1
397,Bahut kharab app hai isse accha koi aur sports ka channel ho usse download kar lena na isse andar se dekhne me accha lagta hai na hi use karne me so bed app,1
398,Not bad,5
399,Best app,5
400,This app does not have match highlights.,1
401,Good app,5
402,Best sports app,5
403,Good,4
404,Good,5
405,good,5
406,good but need improvement.,3
407,Nice App,4
408,â£ï¸ğŸ’â¤,5
409,Sir need to improve loading time is too high,5
410,Good,4
411,Very good,5
412,Too much lagggggggggg,1
413,"Misleading! No IPL highlights available, like said by Vikrant Gupta. No, I won't follow you on Twitter or Instagram and ask the question.",2
414,Good,2
415,Op,1
416,Maza nhi arha,1
417,Nice,5
418,Good werk,1
419,Bkbas,1
420,Good,5
421,Not good very laggy n chipy ap,1
422,The UI is Good but the speed of app is Slow,4
423,India 36 all out in Australia ğŸ‡¦ğŸ‡º so this application space is 36 mb,4
424,One of the best app which gives information about all games.I suggest you to download this app.,5
425,very good,5
426,Very good app,5
427,Very good,5
428,Ok,5
429,Bad,1
430,100/100,5
431,â€¦...,1
432,Good,5
433,I'm so sorry happy for them and I don't want to be a good day at work today so I'm going to be in a bit of a new phone number and I'll get back to the hospital for the,5
434,Good,5
435,Bad app total time h data waste,1
436,good,5
437,Ok,5
438,Nice,5
439,Bahuti gahtia aap Very very very slow Kuch bhi open nehi ho raha mei isko abhi uninstall karata hu Aa thu,1
440,à¤¹à¤¾à¤‡à¤²à¤¾à¤‡à¤Ÿà¥à¤¸ à¤•à¥‡ à¤¨à¤¾à¤® à¤ªà¤° à¤•à¥à¤¯à¤¾ à¤¦à¤¿à¤–à¤¾ à¤°à¤¹à¥‡ à¤¹à¥‹à¥¤ à¤®à¥ˆà¤¨à¥‡ à¤¸à¥‹à¤šà¤¾ à¤®à¥ˆà¤š à¤–à¤¤à¥à¤® à¤¹à¥‹à¤¨à¥‡ à¤•à¥‡ à¤¬à¤¾à¤¦ à¤¹à¤¾à¤‡à¤²à¤¾à¤‡à¤Ÿà¥à¤¸ à¤¦à¥‡à¤– à¤²à¥‡à¤¤à¤¾ à¤¹à¥ à¤‰à¤¸à¤•à¥‡ à¤²à¤¿à¤ à¤®à¥ˆà¤¨à¥‡ à¤à¤ª à¤¡à¤¾à¤‰à¤²à¥à¤¡ à¤•à¥€ à¤²à¥‡à¤•à¤¿à¤¨ à¤•à¥à¤¯à¤¾ à¤®à¤¿à¤²à¤¾ à¤à¤ª à¤®à¥‡à¤‚ à¤¹à¤¾à¤‡à¤²à¤¾à¤‡à¤Ÿà¥à¤¸ à¤•à¥‡ à¤¨à¤¾à¤® à¤ªà¤° à¥¤ à¤¶à¥‡à¤® à¤†à¤¨ à¤¯à¥‚ à¤¸à¥à¤ªà¥‹à¤°à¥à¤Ÿ à¤¤à¤• à¥¤ à¤®à¥ˆà¤‚ à¤†à¤ªà¤•à¥‹ à¤¯à¥‚à¤Ÿà¥à¤¯à¥‚à¤¬ à¤ªà¤° à¤«à¥‰à¤²à¥‹ à¤•à¤°à¤¤à¤¾ à¤¹à¥‚à¤‚ à¤µà¤¹à¤¾à¤‚ à¤¸à¥‡ à¤†à¤ªà¤•à¥‡ à¤•à¤¹à¤¨à¥‡ à¤ªà¤° à¤®à¥ˆà¤‚à¤¨à¥‡ à¤¯à¥‡ à¤à¤ª à¤¡à¤¾à¤‰à¤²à¥‹à¤¡ à¤•à¤¿à¤¯à¤¾ à¤”à¤° à¤•à¥à¤¯à¤¾ à¤¦à¥‡à¤–à¤¨à¥‡ à¤•à¥‹ à¤®à¤¿à¤²à¤¾ à¥¤à¤®à¥ˆà¤‚ à¤†à¤ªà¤•à¤¾ à¤¬à¤¹à¥à¤¤ à¤¬à¤¡à¤¼à¤¾ à¤«à¥ˆà¤¨ à¤¥à¤¾à¥¤ à¤²à¥‡à¤•à¤¿à¤¨ à¤†à¤ª à¤²à¥‹à¤—à¥‹ à¤¨à¥‡ à¤®à¥à¤à¥‡ à¤¨à¤¿à¤°à¤¾à¤¶ à¤•à¤¿à¤¯à¤¾à¥¤ à¤‡à¤¸à¤²à¤¿à¤ à¤®à¥ˆà¤¨à¥‡ à¤†à¤ªà¤•à¥‹ à¤à¤• à¤¸à¥à¤Ÿà¤¾à¤° à¤¦à¤¿à¤¯à¤¾ à¤”à¤° à¤¤à¥‹ à¤”à¤° à¤¯à¥‡ à¤à¤ª à¤­à¥€ à¤¯à¥‚à¤¨à¤¿à¤¸à¥à¤Ÿà¤² à¤•à¤° à¤°à¤¹à¤¾ à¤¹à¥à¥¤ à¤¹à¤¾à¤‡à¤²à¤¾à¤‡à¤Ÿà¥à¤¸ à¤•à¥‡ à¤¨à¤¾à¤® à¤ªà¤° à¤‡à¤‚à¤Ÿà¤°à¤µà¥à¤¯à¥‚ à¤¦à¤¿à¤–à¤¾ à¤°à¤¹à¤¾ à¤¹à¥‹à¥¤,1
441,Unbelievable app thanks sports tak team on,5
442,Superb app #VIKRANT SIR#,5
443,Very good,5
444,Cricinfo is better then this app,1
445,Paid opinions,1
446,Lovely app,5
447,i love to watching sports tak,5
448,"Lot of things to improve ,but they are always promote it in their live on YouTube . really disappointed by this .",1
449,A very very useful app,5
450,"Still lot of bugs, unable to open some of the content, It is appreciated if ""Text size"" feature can be added here in this app so that people like me who is having vision issue would be able to read the content property.",2
451,Very good app.,5
452,Bug fixesğŸ™„ğŸ™„,3
453,Faltu apps,1
454,Modi K Chatukar Tak ko 1 number ğŸ¤£ğŸ¤£ğŸ¤£,1
455,à¤¬à¤¹à¥à¤¤ à¤…à¤šà¥à¤›à¤¾ à¤à¤ª à¤¹à¥ˆ,5
456,worstğŸ‘ğŸ‘ğŸ‘ğŸ‘ğŸ‘ğŸ‘ğŸ‘ app ever use buffering buffering buffering,1
457,Good,4
458,Very good,5
459,Op,5
460,above super,5
461,Wow great app,5
462,Good,5
463,Very user friendly interface,5
464,Falto app hi,1
465,Excelant app,5
466,Kuch khas dalo,5
467,Very very very very very oustanding app in play store ever.,5
468,Good aap super,5
469,Good app,5
470,I love the sports tak family,5
471,Good viki. S best of luck,5
472,Need Improvement...ğŸ¥²,1
473,Good,5
474,Brilliant app by india today network. I like this app very much because all the updates will be given here and full of sports latest updates,5
475,You need to change vikrant gupta.,2
476,A perfect platform for all sports infoâ¤,5
477,Sir maine ye aap download kiya hai mujhe bahut accha laga bas ek improvement ki zarrorat hai aur vo hai sluggishness ko improve karna kyunki mujhe ye aap use karte samay bahut thoda sa sluggish feel hua lekin iske alawa bahut badhiyaan kaam kiya hai aap logon neğŸ‘ğŸ‘ğŸ‘ğŸ¤ŸğŸ¤Ÿ,4
478,Best Sports App ğŸ‘,5
479,Overall good but need some improvement,4
480,"Please give option to change font size , bcoz I think font size is big .",3
481,Pundai,5
482,One app all sports very good experience,4
483,Awesome app . I love it,5
484,Superb,5
485,Sports news ke liye best app hai,5
486,Cricket ki har choti badi update sports tak,5
487,Best,4
488,Good for getting updated by articles and videos. But need improvement in schedule section. It also buffer frequently. Themes is also dark. I will recommend cricbuzz. Overall average app,5
489,Excellent ğŸ‘ŒğŸ‘ŒğŸ‘ŒğŸ‘Œ,5
490,You are baest app,2
491,Poor,1
492,Very good app,5
493,good,5
494,ExcellentğŸ‘ğŸ‘ğŸ˜†,5
495,Sir kya app hai apke,5
496,Superb ğŸ‘ğŸ‘,5
497,Zabardast app must download,5
498,Amazing Software,5
499,Nice but kindly add womens' cricket too ğŸ‘ And make videos playable in background or else no difference in watching on app and YouTube.,3
500,Wow very nice,5
501,Good,5
502,Nice aap,5
503,Great efforts ğŸ‘Œ,5
504,Good,5
505,Great app,5
506,Very good ğŸ‘,5
507,It was good experience using this app I loved this aap ğŸ’— well done ğŸ‘ team sports tak ğŸ’–,5
508,Very good,5
509,Good app,5
510,Very Good App Vikrant Gupta Sir,5
511,please add ipl matches highlights in video section,5
512,Op,5
513,Bakwas app total time waste,1
514,Bad app,1
515,0 RATING .It causes hanged my mobile ...worst app ... heating and slow down my mobile.... PLEASE DON'T DOWNLOAD....,1
516,Nyc app,5
517,nice app.,5
518,Three class,1
519,No ipl video match,1
520,Very veryVery good app....,5
521,Great app,5
522,"My mobile sports tak apps open only white screen show ,and no start. It is apps problem",1
523,Super,5
524,"Well tried, try to compete with international app like cricbuzz and espn app. Congratulations and best wishes.",5
525,outstanding,5
526,Content is good but too much glitches,2
527,This not a app this is khadda gol gol ghumta hai khali......dikhata kuch nahi...,1
528,Very disapointing not smooth in android,1
529,ğŸ˜ğŸ˜ğŸ˜˜ğŸ˜˜ğŸ˜˜ğŸ˜˜ğŸ˜˜ love this app,5
530,Worst experience,1
531,Fantastic app and I thanks to vikrant sir,5
532,It's very Good App,5
533,Very good app on sports tak,5
534,I LIKE THIS APP VERY MUCH,5
535,very impressive app,5
536,Live scorecard is not working,1
537,Superb,5
538,Awesome,5
539,"Nice one, thanks to vikrant gupta for creating this app.....and your opinions is awesome...",5
540,Rubbish app,1
541,Super,5
542,India's best sporting app. Just loved itğŸ¥°,5
543,Exilent,5
544,Yah bhi sahi se Kam nahin kar raha hai av improve kar aa,1
545,Good one,4
546,Aaj tak ke naye Aagaz ko Salam,5
547,Superb ğŸ‘,5
548,"Vikrant bhai aapka sports tak YouTube pe hi sahi hai app mai nhi, bhut ganda experience hua aapke aap ko use karke , App ki quality ek toh bilkul hi third party app jaisi aur dusra isme update bhi bhut late hota hai aur App speed toh too much slow bro!",2
549,Better than expection,5
550,Looks is decent we hope fast improvement,5
551,Please provide highlights also,5
552,Vikrat is roks,5
553,Nyc,5
554,Very good spots news,4
555,bekar aap,1
556,".......,...m",5
557,Super,5
558,Nice aap,4
559,Long way to go....Ball by ball commentary needs to improve a lot more,4
560,Best app,5
561,UltimateğŸ‘ŒğŸ‘Œ,5
562,Nice,5
563,Very nice aap,1
564,Good app,4
565,Sports tak aap is excellent and app is help to saw highlights of mathes very easy thanks,5
566,Good vikrant sir and your team,5
567,Good aap but much improve that's,4
568,Nice,5
569,Excellent,5
570,Very good app,5
571,Just for Vikrant... Add kamm kam jyada kro,5
572,Giving 5 star just because of Vikrant Sir.. Best analysts. Love you sir..â£,5
573,"Sports is best but only two people talksone is Vikrant Gupta and another one is rawat Rahul and others are for promotion of howzat and wining 5000 daily is the work please say something Gagan Sethi ,Anuj, rashika,and howzat official sponsor jay jaiswal",5
574,Good app,5
575,Syed Aqudas Raebarli,5
576,Ultimate sport news app,5
577,Best sports app ever ! Love you Sports Tak Family,5
578,à¤¨à¤«à¤°à¤¤à¥‹à¤‚ à¤•à¥€ à¤¦à¤¿à¤µà¤¾à¤° à¤Šà¤à¤šà¥€ à¤•à¤° à¤²à¥‹ğŸ¤ à¤¹à¤®à¤¾à¤°à¥‡ à¤šà¤¾à¤¹à¤¨à¥‡ à¤µà¤¾à¤²à¥‹à¤‚ à¤•à¥€ à¤•à¤¼à¤¤à¤¾à¤° à¤²à¤‚à¤¬à¥€ à¤¹à¥ˆğŸ’¯,5
579,Very good and helpful app,5
580,Good,5
581,Fabulous,5
582,Worst,1
583,Good,5
584,Good,4
585,Very nice one,5
586,It's just only for men's cricket and men's football ğŸ–•ğŸ–•,1
587,Best App for Sports News Nice,5
588,Best sports aap,5
589,Vikrant sir you are so good,5
590,Good,5
591,Very good app,5
592,Good app,5
593,Very niceğŸ˜Š,5
594,Number one app for sports,5
595,Best app vikrant sir,5
596,Bad,1
597,Super love this,5
598,Taking too much time to open,1
599,Nice APP,5
600,"we are not seeing Post match presentations, Press Conferences & Highlights on Sports Tak App as promised by Vikrant Gupta sir. What's the plan.",3
601,NiceğŸ‘ğŸ‘,5
602,good app....but needs some fixes.. otherwise good content ğŸ‘,4
603,Go very slow and usless,1
604,Time waste.,1
605,Very good but nedd some improvement. Just love itâ¤â¤,5
606,Bed,1
607,Highlights???,1
608,Very good app for sports ğŸ‡®ğŸ‡³ğŸ‘,5
609,Very bad app,1
610,"Kitna jhuth bolte hain, lakhs download kahan? Highlights match ki kahan hain?",1
611,Nice app,5
612,Amazing app,5
613,Great,5
614,Amazing application,5
615,Awesome,5
616,I love Sports Tak,5
617,Nice work,5
618,Awesome app and all sports in one app,5
619,Bad,1
620,Good job,5
621,One of the best cricketing news app...........,5
622,Good app,5
623,Gud,5
624,Good,5
625,Very good,5
626,Good one,5
627,Vikrant paji and team well done,5
628,Nice,5
629,à¤à¤• à¤¦à¤® à¤®à¤¸à¥à¤¤ à¤¹à¥ˆ à¤à¤ª à¤¡à¤¾à¤‰à¤¨à¤²à¥‹à¤¡ à¤•à¤°à¥‡,5
630,Nice,5
631,Bakwass,1
632,Awsm,5
633,Great sports app,5
634,Worst app,1
635,Cricbuzz is more better and always better.,1
636,Love it,5
637,Bab apps,1
638,Overrated,3
639,Very good app,5
640,Excellent app,4
641,Good aap,1
642,Takes too times to open any segment...,3
643,Amazing,5
644,Awesome applications ğŸ‘Œ,5
645,What a true app,5
646,Good app use alll,5
647,Good app more update in future will available.,5
648,Awesome app ğŸ‘Œ....,5
649,Good,5
650,Good Application,5
651,Good app for all sports lover,5
652,ğŸ‘ğŸ‘ğŸ‘ğŸ‘ğŸ‘ğŸ‘ğŸ‘ğŸ‘ğŸ‘ğŸ‘,5
653,Nice ğŸ™‚ app,5
654,Best app for sports coverage,5
655,Vikrat sir,5
656,Perfect,5
657,Very good app,5
658,Fantastic app superb work done by sports tak team.,5
659,Ggj,5
660,Food app,5
661,Fastest cricket app,5
662,it's a good app Yhan khel jagat se related sb kuch milta h han abbi thoda slow chlta h,3
663,Awesome ğŸ˜,5
664,"Vikrant Sir, i know there is no competition here with any other channels. But coming with an app is the answer to someone talking too much against sports tak. You have proved it in cricketing language..stats bolte hai baaki kuch nahi bolna",5
665,Only good,3
666,I love sports tkk,4
667,Amazing,5
668,A very good app. And a very happy and safe application . Sports Tak is best on best sports app.,5
669,Is se to a6a hai YouTube pe dekh lenğŸ˜‚ğŸ¤£,1
670,Please solve the Partnership options.,4
671,Very good app sir..â¤ï¸,5
672,Nice,5
673,Brilliant,5
674,ğŸ‘Œ ğŸ‘ superb ğŸ‘Œ ğŸ‘,5
675,Nice app,5
676,Very good,5
677,IPL Live score not show why,1
678,Fantastic,5
679,Pathetic approach.. No coverage on schedule of women cricket.. This shows tge thought process.. Is this app a trademark male cricket/sports dedicted app.. ğŸ‘ğŸ‘,1
680,Awsome interface and broad initiative,5
681,best,5
682,cricbuzz zindabaad,3
683,Please provide individual player statics like kishan When click on kishan name than his individual statics present there Great initiative by sports tak woow all sports in one platform.. Great ğŸ‘Œ,5
684,This application not accessible visually impaired,1
685,Good,3
686,Nice app,4
687,Good app one off the best ever,5
688,Good,5
689,Well done Vikrant sir and teamâ¤ï¸,5
690,Nyc,5
691,Thank you,5
692,"Please try to Make the contents ,features more premium like hotstar and sonyliv",5
693,Very good app,5
694,Mast,5
695,Best sports app ğŸ˜„ğŸ˜Š,5
696,loading... will rate good if they can make app smooth,2
697,Best app for sports.,5
698,Not working ...,1
699,Keep working hard sports tak team..,5
700,Super team aap nice ji,5
701,The best sports news channel in the world,5
702,Very good,5
703,Nice,4
704,Good,5
705,Super duper ğŸ’—,5
706,Good,5
707,surely the best,5
708,Cricket score update slove nd only ipl matches here,3
709,Nice,5
710,Was waiting for the app from a while best sports app loved it,5
711,Very good app,5
712,Superb,4
713,"Nice app... But Rahul Bhai aapne feedback dene bola tha... Sabse accha ye hoga agar aap isme google ki tarah yaa kisi aur app ki tarah, Cricket live score dikha paaye... Jaise bahut saare app hai jisme, TV me har ek ball se 2-3 second pehle, mobile app me Ipl matches yaa koi aur matches ke score update ho jaate hai... Waise hi koi system sports tak app me bhi le aao... Bahut sahi rahega...",5
714,Only news r on the app But they said that scores will be available too but it's not So disappointed with this Please add live scores and highlights of match â˜ºï¸,1
715,"Need to Improve, as live score is not showing.",3
716,This is one of the safest and most of the safest app in whole world,5
717,Very nice ğŸ‘,5
718,Super sport Tak team and congratulations all member,5
719,Bekar app h keh rhe the highlight milengi kha h IPL ki highlight isme,1
720,"This is too good and useful app for sports lover of "" à¤–à¥‡à¤² à¤•à¥€ à¤¦à¥à¤¨à¤¿à¤¯à¤¾"" à¥¤ â€Œ",5
721,Excellent ğŸ‘ŒğŸ‘ŒğŸ‘ŒğŸ‘Œ,5
722,Nice App...but More exepction I hope next few day app more better version...,4
723,Phenomenal,5
724,Best,5
725,Easy to use gud app,4
726,Nice work,5
727,Nice,5
728,No video highlights bewkoof banaya sports tak walo ne uninstalling this rubbish app only sports tak ke video upload kiye jaa rahe h are jaisa bola tha waisa karo,1
729,Superb,5
730,Poor app,1
731,Best,3
732,VERY NICE,5
733,Maind blowing app suparr,5
734,Good,5
735,Ii,5
736,Amazing,5
737,Good,5
738,Awesome,5
739,Nice app,5
740,Best app,5
741,Good,5
742,Mast hai yar,5
743,Good App,5
744,Very nice app,5
745,Nice à¤…à¤ªà¥à¤ª,1
746,2 year,5
747,Fantastic app Spots tak,3
748,Good experience,1
749,Super,5
750,Best,5
751,"I am a big fan of vikrant sir. Its really exciting to see sports tak app. I have a request that to add features about other sports other than football also . Add sports related quiz, knowledge about other sports.Details of women cricket , Next hockey matches of india and other countries .",5
752,Nice,5
753,Excellent app,5
754,Yas,5
755,Sahi h aaps,1
756,You should have to change dark mode theme because dark theme is not attracted as much light theme mode . Dark is show very odd. So please change the theme in upadate as soon as possible ... And over all this aap features is very beneficial for all . very usefull and latest informative app. Please change dark mode as soon as possible.. thanks sportstak team and vikrat sir â£ï¸â£ï¸â£ï¸ğŸ‘ğŸ‘,4
757,Good,5
758,Nice,5
759,Nice,5
760,Nice application.,5
761,Not accessible with TalkBack special for blind person,1
762,One of the best app for sports lovers,5
763,Top,5
764,Koi kam nhi ye aap bhut slow aa,1
765,Nothing is coming on homescreen .,1
766,Suy app tnx,5
767,Good,5
768,Good luck with njxx,5
769,Not working properly Need to fix the error in the app Only showing black screen,1
770,Best sports app,5
771,Good,5
772,I am so happy,5
773,Its interesting and vry good app for cricket lover,5
774,Very good app ğŸ‘ğŸ‘ğŸ‘,5
775,Good app,5
776,Fantastic,5
777,It's best due to Vikrant ji And Rahul Rawat ji,5
778,Superb app,5
779,Good,5
780,Just awesome,5
781,Needs more improvement,3
782,I'll give you 5 star but i can't try this app because of my recharge is finish and I could not try this app,5
783,Still no content available,5
784,nice app,1
785,My favourite app,5
786,Sports yaari ko firse combine kr lo apne sath,5
787,Very nice app,5
788,Good app but today's match result is not updated.,4
789,Good,5
790,Very very very very very very very very very very very very very very very very very very very very very very very very very very very very very very very very very very very very nyc app for sports #thanksyousportstak,5
791,Love sports tak and love this app too,5
792,Very worst app dont download this....,1
793,bahut hi sundar aap,5
794,Nice,5
795,Not bed,5
796,Good,5
797,Good app,5
798,Good apps for sportsman,5
799,Great initiative by Sportstak team. Here due to Vikrant ji,5
800,Best app ever seen Biggest sports environment,5
801,Vikrant sir big fan of your analysis,5
802,Good app,5
803,Nice,5
804,Achha nahi laga,1
805,excellent,5
806,"Very laggy app, takes too much time to load content, not much user friendly. Needs a lot more improvement.",2
807,Not user friendly to follow live score and commentary is not attractive,1
808,YouTube videos are embedded here. User interface is extremely ugly,1
809,best sports app ever,5
810,à¤¯à¥‡ à¤¤à¥‹ à¤Ÿà¤Ÿà¥à¤Ÿà¥€ à¤¹à¥ˆ bc,1
811,Good,4
812,"Never seen such a bad cricket app - why do they have to try something in which they aren't good! YouTube channel wasn't enough so they have come up with this mess! Look at Cricbuzz, cricinfo, Fancode and just compate your app with them- you will realise how bad your application is.",1
813,Not working,1
814,App looks good but it's taking to much time to load .very slow in loading,5
815,Very slow.. Cricbuzz is the best app ever,1
816,need to improve,2
817,Very bad app no scoring board very bad to use,1
818,Aap is good but little bit slow please improve and Love u Vikrant Sir aapki wajah se ye aap mai install kiya Score home mai dikhna chahiye,4
819,Nice,4
820,à¤à¤ª à¤®à¥‡ à¤•à¥à¤› à¤œà¥à¤¯à¤¾à¤¦à¤¾ à¤–à¤¾à¤¸ à¤¨à¤¹à¥€ à¤¹à¥ˆà¤‚ à¤”à¤° à¤à¤ª à¤¬à¤¹à¥à¤¤ à¤§à¥€à¤°à¥‡à¤‚ à¤•à¤¾à¤® à¤•à¤° à¤°à¤¹à¤¾ à¤¹à¥ˆ,3
821,ğŸ‘ŒğŸ‘ŒğŸ‘ŒğŸ‘ŒğŸ‘ŒğŸ‘Œ,5
822,"Waiting for tooo long for this app , thnx vikrant sir for this app for us . Super duper app 24*7 sports report. â¤ğŸ‡®ğŸ‡³",5
823,Excellent,5
824,Excellent ğŸ‘Œ,5
825,Nothing special,3
826,bad user interface,3
827,Great aap,4
828,Superr aap.. sir..,4
829,"App is hanging and needs a little more data for ligue 1, bundesliga, serie a and other sports",3
830,Excellent,5
831,Worst app i seen,1
832,Awesome ğŸ‘Œ,5
833,Great apps all sports information in just one click away best of luck sports tak team,5
834,Tatttiiiiii,1
835,I am giving Bad rating because of that Takla and sports tak team hate against kohli (Except Rashika),1
836,Need improvement in this app,2
837,Great app ğŸ‘ğŸ»,5
838,Geart,5
839,"à¤¯à¤¦à¤¿ à¤¸à¤‚à¤­à¤µ à¤¹à¥à¤† à¤¤à¥‹ à¤‡à¤¸à¤®à¥‡à¤‚ à¤®à¥Œà¤¸à¤® à¤•à¥€ à¤œà¤¾à¤¨à¤•à¤¾à¤°à¥€ à¤­à¥€ à¤®à¤¿à¤²à¤¨à¥€ à¤šà¤¾à¤¹à¤¿à¤ à¤®à¥ˆà¤š à¤•à¥‡ à¤¦à¥Œà¤°à¤¾à¤¨, à¤œà¥‹ à¤•à¤¿à¤¸à¥€ à¤”à¤° app à¤®à¥‡à¤‚ à¤¨à¤¹à¥€ à¤®à¤¿à¤²à¤¤à¥€ à¥¤ à¤¹à¤®à¥‡ à¤¯à¥‡ à¤ªà¤¤à¤¾ à¤¹à¥€ à¤¨à¤¹à¥€ à¤¹à¥‹à¤¤à¤¾ à¤•à¤¿ à¤œà¤¹à¤¾ à¤®à¥ˆà¤š à¤¹à¥‹à¤—à¤¾ à¤µà¤¹à¤¾ à¤¬à¤¾à¤°à¤¿à¤¶ à¤•à¥€ à¤•à¥à¤¯à¤¾ à¤¸à¤‚à¤­à¤¾à¤µà¤¨à¤¾ à¤¹à¥ˆà¥¤ à¤¯à¤¾ à¤®à¥ˆà¤š à¤•à¥‡ à¤¬à¥€à¤š à¤¬à¥€à¤š à¤®à¥‡à¥¤",4
840,Love the app,5
841,Totally Bakwas app,1
842,Very bad appp,1
843,Very very NYC ha j,5
844,"Uninstalled Poor, Slow, damn damn slow Not recommended",1
845,Nice app haii,5
846,Super App,5
847,Mst hai,5
848,Great stuff,5
849,USER INTERFACE IS GOOD,5
850,Bohot jabardast hai,5
851,Awesome app,5
852,Beautiful,5
853,Despite good net connection it take too much time to open,1
854,Does not respond does not open properly bugs problem,1
855,"Fantastic App For sports loverğŸ’› Easy to Use, More Information, 24/7 sports update Some little update need that smooth scrolling, smooth control, notificationğŸ””icon For Live or Update, Choose your match updateğŸ””, need colourful graphic, voice reading buzz, new update at front of app openning or home page....",5
856,VIKARANT .RAHUL SIR BAHUT ACHI APP HE LIVE SCORE NOTIFICATION BI HO TO BAHUT ACHA HOGA,5
857,Very good applocation For sports news,4
858,Super ğŸ‘Œ,5
859,Nice,5
860,Bestest app i have ever seen,5
861,Good app . All news one place.,5
862,Worst app.... Learn something from cricbuzz and cricket exchange...,1
863,Very very bad UI of app,1
864,Overall a good sports app,4
865,Very useful,5
866,"Its only because of Vikrant sir,Anil Sir,and Rahul Sir",5
867,Scorling problem,4
868,Nice sports app,5
869,Excellent ğŸ˜ŠğŸ‘Œ,5
870,Finally a good challenger for Cricbuzz ğŸ‘,5
871,Good,5
872,Not much satisfaction Need more Improvements. So far flop.,2
873,It's our favourite ğŸ˜‰,5
874,Very good app,5
875,I like to see statistics before every match,5
876,Worst app. Nothing for users.,1
877,Improve user experience and language segregation please.,1
878,Super,5
879,Great initiative.....,5
880,Nice App,5
881,Not that good,4
882,App should be little more smooth and football data are not loaded till now,4
883,Great aap,5
884,Unistalled after a min,1
885,Great appğŸ‘ğŸ™â¤ï¸â¤ï¸â¤ï¸â¤ï¸ğŸâš½ğŸ¸ğŸ¥…ğŸ‘ğŸ¥Š,5
886,Super app all in one sports app,5
887,Very slow and bad app. I recommend you to download cricbuzz in place of this.,1
888,Bakwaaaas,1
889,Nice app,5
890,Bahut badhiya,5
891,Nice app,5
892,Family needs no clarification.,5
893,Great app,5
894,Nice app,5
895,"Very bad performance, totally disgrace",1
896,"One of the worst sports app.. Learn something from Cricbuz app..Didn't like the app at all.. Very next min straight away deleted it.. There is no zero â­ for rating, other wise I could have given 0 â­",1
897,Fantastic Aap,5
898,bugs,1
899,Good,5
900,Kuchh bhi nahin hai se app mein samajh mein nahin aate yaar kyon banaya hai is app ko Jo kuchh bhi information is app main hai yah sab information to cricbuzz Cricinfo mein mil jayegi ismein naya kya hai,1
901,Just awesome,5
902,All sports informations at one click,5
903,I Am so happy vikarnt sir,5
904,Very nice app,5
905,Ismei toh itne bhi features nahi hai jitne ki cricbuzz mai hai cricketer ki overall performance bas ismein kuch cricbuzz se bhi badhiya rahta toh thek rahta aur kam bhi sahi se nahi kar raha hai cricbuzz bahut hi smooth chlta hai bahut si pareshani hai iss aap ke sath sayad aage chal kar aur bhi features aye.,1
906,Best app,5
907,Amazing app vikrant pajji,5
908,Very nice app,5
909,Beautiful app but needed more improvement into crash of application and design improvement thanks ğŸ˜Š,5
910,Finaly we can say all in one platform....,5
911,Look good this app,4
912,"Wow, we can see many sports events in one platform",5
913,Nice App,5
914,Just wow... always a Vicky paji fan,5
915,Congratulations sports teams l,5
916,"Superb, excellent app for all sports activities information, thanks ğŸ‘",5
917,Very poor experience Very slow app as compare to cricbuzz or espn cricinfo Use interference is also hard Not easy to use No stats of players like Cricbuzz,1
918,Good,3
919,It's Amazing,5
920,Outstanding,5
921,Very GuD,5
922,Best because Vikrant gupta is there,5
923,Find some good developers for ui and ux. This app is look like made by 10th student. Ugly UI & UX Low Performance app,1
924,Sports Tak Team ko meri taraf se bahot sari Shubhkamnaye ğŸ˜‡ Excellent App SPORTS TAK Thank You Vikrant Sir and aapki team Ko bhi .,5
925,App is very good,5
926,Wow amazing app,1
927,First time am given 4 star .. for this app only...ğŸ’ğŸ’ğŸ’,4
928,nice app,5
929,Great app,5
930,Nothing is open,1
931,Too much slow loading.. But I love Sports Tak so giving 5 stars.. Work on it...,5
932,Waah ...ğŸ‘ğŸ‘Œ,5
933,Great sir,5
934,Love it,5
935,Good to,5
936,Vry nyc app,5
937,Very slow,1
938,Very good aap,5
939,Best sports news YouTube channel+ app,5
940,Very good app,5
941,Best sports app for fastest news,5
942,Vicky PajiğŸ”¥ğŸ”¥â¤ï¸,5
943,Good app,5
944,Awesome app it is,5
945,Good app ğŸ‘,5
946,Theek thak hai,5
947,Great,5
948,Good,5
949,Good app,5
950,Add q&a section. Instead of instagram we want to ask questions here. Add WWE like sports as well.,5
951,All in One ğŸ¤˜ Thank You Sports Tak ğŸ™ğŸ»,5
952,Very good,5
953,Every Match k highlights vala options mst h....,5
954,Good ğŸ‘app,5
955,Fantastic app,4
956,Mast,5
957,Best app,5
958,Nice,5
959,It is good but only two language available here,4
960,Good,5
961,Poor app this app waste time,1
962,Thanks India Today group,4
963,Grear app.... Thanks vikrant bhai for creating this app,5
964,App is vary good butt scrolling is slow so update app and add some features like live streaming app is successful ğŸ‘ğŸ»,3
965,Its awam superb,5
966,Wonderful app. This is dream for every sports lovers.,5
967,Fantastic work.,5
968,Great appğŸ‘,5
969,Ek n app,5
970,Wroast app i feel like i use browser,1
971,Awesome appğŸ‘ŒğŸ‘ŒğŸ‘Œ,5
972,super sir ji,5
973,All in one SPORTS TAK â¤ï¸,5
974,Awesome,5
975,Great app,5
976,Very nice sports app nd it have everything that one sports app must have ğŸ‘ğŸ»,5
977,Good,5
978,Good,5
979,Good app all information... Thanks Vikrant sir..,5
980,Good,5
981,Overall app is good great work sports tak family members,5
982,Trashe. ..,1
983,Great app ğŸ‘ .All you need as a sports fan is this app.,5
984,Amazing app,5
985,Apna experience 1month Pr dunga Abhi k liye 3star,3
986,Love u sports tak,5
987,Not opend,1
988,Best app in sports,5
989,Great unbelievable,5
990,Nice aap,5
991,Only for vikrant sir.,5
992,no 1 sports app,5
993,Best app op app sports tak ğŸ˜·,5
994,Much needed app,5
995,Op,5
996,Mast he boss,5
997,Absolutely amazing ...thank u sports tak ..I loved it ğŸ˜,5
998,Right now it's working perfectly fine. I must say it's a very good app. In a single app I can access the multiple sports.,4
999,Super app,5
1000,Working very slow.. looks likes giving 1 out of 5 is too much,1
1001,Bekar h app bilkul,1
1002,Amazing app,5
1003,Great app for sports and all stats and records are there..... All In OneğŸ‘Œâ£ï¸ğŸ”¥,4
1004,Good,5
1005,Super duper app...... I really like this app,5
1006,Vikrant bhai koi achha vala developer dhundho aur fir se app banao..yeh kya banaya hai .home made app lagta hai ..,1
1007,Great ğŸ‘,5
1008,Awesome Vikrant Sir & Team,5
1009,Too good ğŸ˜,5
1010,Good aap and vikrant sir very good,5
1011,Great app,5
1012,Good app,5
1013,Aap very very slow .....not a good,1
1014,Love To Sports Tak Family,5
1015,Not work properly,1
1016,"Worst app, content not reflected",1
1017,Great app for sports lover,5
1018,ğŸ˜ğŸ˜ğŸ˜,5
1019,Not open yet just blank,1
1020,Veldone,5
1021,nice,5
1022,Nice aap,5
1023,Home screen pe kuch bhi show nahi kar raha hai dobara kam karo,1
1024,"after open app all page blank seeing no updates, So Bad",1
1025,Very slow working,3
1026,Good for hard-core sports lovers,5
1027,abhi thoda chalo Charan raha hai lekin Tumhen Dinon bad Achcha Ho Jayega Aaj Tak sports tak bolna hai bahut badhiya hai sach,5
1028,Good,5
1029,Kuch open hi nahi ho rha h app m,1
1030,The worst app I've ever seen. Doesn't works properly. It's really sucks.,1
1031,Overall best app in sports,5
1032,nice,5
1033,It is not working,1
1034,Mast,5
1035,Super,5
1036,Very good sir,5
1037,Worst app of the millenium..,1
1038,Not working since I have installed it. Poor,1
1039,Bahut hi bekar kuch chl hi nhi rha app me ğŸ˜ğŸ˜ğŸ˜ğŸ˜delete maar rha ap ko dimag khrab kr diya,1
1040,"All Sports news in here, (very good apps)",5
1041,Very good,5
1042,Amazing sports app. Great job vikrant paaji & team.,5
1043,Super app easy to use no buffering,5
1044,Not good,1
1045,Nice channel ğŸ‘ğŸ‘ But scrolling is tough when we do it get click,5
1046,Ok,5
1047,Best sports app,5
1048,Good,5
1049,Nice,5
1050,Overall a Great app and nice display. And the best thing is that easy to use and covers all sports. Amazing and Congrats Sports Tak for thisâ¤ï¸,5
1051,There is one thing missing that there no option to change quality... Please add this option.. Overall this is very fantastic app.. ğŸ¥°ğŸ˜,5
1052,Nice aap,5
1053,It's not a good app because many reason.cricbuzz best app ever ..,1
1054,It's fantastic app. And new version,5
1055,"Great app very informative and easy to use without any ads etc. Thank you vikrant sir,rahul sir and all the sports tak team.",5
1056,Amazing,5
1057,Very slow... Need improvement,2
1058,Download hi nhi ho rha hai,1
1059,Very good,5
1060,"App running very slowly, lots of glitches, worst app, cricbuzz and ESPNcricinfo is far far better than this one.",1
1061,I have to say this app has some extra feature as compared to cricbuzz which gives it edge ahead from them. Good gift from Vikrant sir and teams for sports lover! ThankuğŸ˜,5
1062,Indian app and no indian football news ? ğŸ˜‚,1
1063,Behtreen ğŸ˜,5
1064,"It's Good to have our own app finally on our smartphones... Gr8 initiative guys.. Thanks Vikrant Sir, AajTak, India Today & Last But Not The least #Sportstak Family...!!",5
1065,More power to sports tak,5
1066,"Great app with all sports scores and summary at one place, even football!!! Great job done guys!",5
1067,U forced me to uninstall Cricbuzz app. Well done guys,5
1068,AMZING,5
1069,Great sports app,5
1070,Great app for sports lovers,5
1071,Honest opinion...App UI is well designed and content is quite good...But quite slow UI and takes too much time to load a page...Do this improvement and it will be a gem.,3
1072,"Please add Bundesliga, Ligue 1 and Serie A. Otherwise app is pretty good.",4
1073,Nice but have to improve with time,4
1074,Rubbish,1
1075,It's very exciting to use. thanks a lot sports tak. Our best wishes always on your side,5
1076,Wow,5
1077,Nice app,5
1078,Vikrant sir nd all team members of sports tak thnk so much for this app,5
1079,"overall good aap but some improvement required like video's buffer loading timing, interface improvement required but overall new app good",4
1080,Good app like cricbuzz..,5
1081,Nice app. but some videos have sound issue.,4
1082,Vikki paaji please change icons colours that used in app to green or blue instead of red... And also use double background theme like dark and bright background theme colour....,4
1083,It works very well,5
1084,Wonderful job vikrant sir,5
1085,Great app. Match highlights feature is astounding.,5
1086,Shaandar Shovaniya Sports tak .... Love u Vikrant paaji,5
1087,"Thank your for providing a place where we can have information about all sports and appreciate your efforts for your app idea and concept but definitely I also agreed with others that it's a early call to launch this application because of slowness, app size, not considered better user experience, sometimes it's crash, automatically closed down and many more issue not considered, it will require lots of testing, need better design and user experience improvement. Expected improvement soon.",1
1088,Great ğŸ™Œ app but some glitches... So improve that...,4
1089,Amazing Thank you Vikki paji for this aap,5
1090,Nice,5
1091,Mohd rahil,5
1092,Good,3
1093,Ekdam bole to jhakkas,5
1094,It is the best SPORTS App covering all SPORTS not just Cricket and with video highlights for the same as well..,5
1095,Bahut hi use full app hai,5
1096,Best app vikrant sir,5
1097,Amazing app. I was eagerly waiting for such a 360 degree app. Hats off to whole sports tak team for launching such an amazing and brilliant app. I would recommend everyone to download this app,5
1098,awesome ğŸ‘ŒğŸ‘ŒğŸ‘ŒğŸ‘,3
1099,Super,5
1100,Very good,5
1101,Best Sports App,5
1102,This Aap is good love you vikrant sir,5
1103,Jai Sri ram,5
1104,Very slow,1
1105,Very Great work by SPORTS TAK Team Love u sports tak ğŸ¤©â¤ï¸,5
1106,Still Has To Some Improvement With new Updates..,5
1107,Good app time to improve but overall good ğŸ‘,5
1108,Superbe...very happy ....thanks Sports tak team...,5
1109,Serious lagging issues,3
1110,"99% time to cricket, on rest for others. Sponcerd by bcci",1
1111,Yes right now app is low but i know vikrant bhai you will make it best of India app keep going just wait for the good ball and hit a six ğŸ˜‹,5
1112,Very good aap,5
1113,Nice and Very beutiful appğŸ’«ğŸ™,5
1114,Very slow,1
1115,Good app,5
1116,Very slow now,4
1117,What a joke? It's a blank app.,1
1118,Osm app,5
1119,Great app sports thanks to all sports family,5
1120,app is much slower .. make it faster viewing experience ..,1
1121,Verry slow app Yaaar kuch achha lao kya laye ho ye itna slow app wtf,1
1122,Just copy of Cricbuzz .. good try,3
1123,Need updates as it doesn't run smoothly.,3
1124,It's totally not working....I have uninstalled this worst app...I think Wasn't a problem even for a while but the app should have been improved further. It's not working at all,1
1125,Sports tak app awesome ğŸ‘Œ Vikrant sir your great man,5
1126,Outstanding... Power of Indian,5
1127,Best sports app..,5
1128,Good app to experiences,5
1129,Great app...appreciated,5
1130,I'm sport lover... One of the best sport app I have ever used... Thank you vikrant sir,5
1131,Great app.. All the best vikrant sir,5
1132,App not working. Only blank screen coming.plzz resolve this issue,1
1133,Good,4
1134,Verry good plat farm,5
1135,"It's not working , not happy with the app. Uninstalling it",1
1136,Great app Aaj Tak maine yesa sports channel nahi dekha hai jo ki sabhi variety samil ho jay ho vikrant sir ğŸ™ğŸ™ğŸ™ğŸ™ğŸ™ğŸ™ğŸ™ğŸ™ğŸ™ğŸ™ğŸ™ğŸ™ğŸ™ğŸ™,5
1137,Thanks you vikrant sir,5
1138,Excellent and extentional information,5
1139,Osm appp,5
1140,â¤,5
1141,Very bad app,1
1142,Very nice app,5
1143,I m big Fan of Sports Tak and Vikrant Sir..am one of the first 1k subscribers of sports tak on youtube,5
1144,Uninstall please Don't install it,1
1145,App look good but not showing home screen and heavy scrolling please fixed this,2
1146,Good,5
1147,thank you vikrant sir and all teem,5
1148,Congratulations vikrat sir... Also A big...very very thanku for this app. I am very big fan of you.. Love you.. ğŸ¥°,5
1149,This is very good aap TQ all sports Tak family tq Vikrant ji,5
1150,Fabulous and amazing application good work devloper this application so proud #sportakteam and vikki paji and anil sir aur rahul bhai rashika and gagan sir,5
1151,Nothing Coming in screen,1
1152,I love sports tak family,1
1153,Love u sports tak,5
1154,Vikrant sir ka video nhi h maza nhi aa reha h eshs leVikrantg reha India wc20 khelne gya h lekin Virat ko lejana bhool gya h,1
1155,Great app,5
1156,Very very slow... Buzz and video opening very slow even after very good net speed,2
1157,Good ğŸ‘,5
1158,"Pathetic app, nothing is getting displayed on home screen. Why you guys have not properly tested it before launching? So much to improve. I'm giving 1 rating as of now, hoping to see improvement.",1
1159,Wow,5
1160,"Nothing is coming on home screen. Video, Buzz etc section , all are just fetching and loading always. Home screen just black, no news come on home screen. So, Vikrant sir, please fix it hurry.",1
1161,app is not working and the hype created about this is totally fake,1
1162,Too slow,1
1163,Nyc app good work â˜ºğŸ˜Š,5
1164,I like this app. but same problem not open why?,5
1165,Very slow,1
1166,â¤ Sports Tak â¤ Love you all Sports Tak team mambers,5
1167,ğŸ‘ğŸ‘ğŸ‘ğŸ‘ğŸ‘ğŸ‘,1
1168,Not Working,1
1169,Very good,5
1170,à¤µà¤¿à¤•à¥à¤°à¤¾à¤‚à¤¤ à¤¸à¤° à¤°à¤¾à¤¹à¥à¤² à¤­à¥ˆà¤¯à¤¾ à¤°à¤¾à¤¶à¤¿à¤•à¤¾ à¤¦à¥€ à¤¸à¤­à¥€ à¤ªà¥‚à¤°à¥€ à¤Ÿà¥€à¤® à¤¬à¤¹à¥à¤¤ à¤®à¥‡à¤¹à¤¨à¤¤ à¤•à¤°à¤¤à¥‡ à¤¹à¥ˆ à¤¹à¤®à¤¾à¤°à¥‡ à¤²à¤¿à¤ sports à¤¤à¤• à¤ªà¤° Love you allğŸ˜ŠğŸ¤˜,5
1171,Best spots news,5
1172,Suppep,5
1173,This is going to be game changing app in sports history. Love the app thanks team sports tak.,5
1174,App review : Start hone se pehle hi dah gaya,1
1175,That's superb,5
1176,Very Good App And Well Maintained Here is Full Match Highlights and Live score and video,5
1177,"[18-09-2021] : No feed, nothing showing in home screen after opening the application although my internet is working fine. No issues with my internet. Not available in English version only showing feeds in Hindi.",2
1178,Congratulations Sports Tak Keep it up God bless you ğŸ™‚ğŸ‘ğŸ»,5
1179,I am a big fan of sport tak but app is not good permoming please update issue glitche. Performance is very poor. In English language app is not get data.,2
1180,Superb.. thank you vikrat sir,5
1181,Faltu app hai,1
1182,It's amazing,5
1183,Very slow app Disappointed,1
1184,Thora slow h but bhut achha h,5
1185,Take lots of time to load,1
1186,Superb quality,5
1187,Best app,5
1188,"Some bugs and app loading so much time,plz clear it,",2
1189,Great app ğŸ‘Œ,5
1190,This app speed is very slow please this app need speed optimization,2
1191,Its very slow.,1
1192,à¤µà¤¿à¤•à¥à¤°à¤¾à¤‚à¤¤ à¤¸à¤° ğŸ˜ğŸ’¥ğŸ™â¤ï¸â¤ï¸ğŸ™,5
1193,"Sir, app abhi nhi chal rha h",5
1194,Not opening app very slow,1
1195,Good application,5
1196,Thanks sir â¤ï¸,5
1197,Very good App,5
1198,Very show in english version,2
1199,Excited app for sport tak tream,5
1200,Great app for the scores,5
1201,Nyc app vikrant sir,5
1202,Fantastic,5
1203,Useless...,1
1204,Good,5
1205,Nice,5
1206,Unresponsive app. Takes ages to load. Not worth it. They should have tested it better. They simply can't handle these many users. Kya Viki Paai expected better from you. But aapko apni bakwass se toh phursat mile.,1
1207,THANK YOU SIR BEST APP IN INDIA,5
1208,Nice app,5
1209,Good app,5
1210,Verry nice App,5
1211,Saddique,5
1212,Good,5
1213,Good,1
1214,Not working properly.....,3
1215,The loading time of contents after opening of app can be more fast I guess and the UI can be more attractive....rest is good,4
1216,Low process,1
1217,This app is very good,5
1218,Nothing is coming on the home screen....it looks like app launched in hurry....so many glitches. Very disappointed,1
1219,Fantastic app ğŸ‘Œ,5
1220,Good aap #sportstak,5
1221,GoodğŸ‘,5
1222,Too much slow,1
1223,It's a very unique sports news platform...,5
1224,Doesn't load up any information in the English version of app..,1
1225,Fantastic app,5
1226,"Kuch bhi open nhi hota, loading hi nhi le pata",1
1227,Best app,5
1228,Very nice,5
1229,Best,5
1230,Bekar App..App chalu hone mai hi 10 min lg ja rhe,1
1231,Vikrant sir superb sir,5
1232,Pls fix it the app is black and buffering no videos no post,1
1233,I have just installed the app. But not working properly,1
1234,Kuch show nhi ho rha h,5
1235,Bad,1
1236,"Fantastic App... à¤•à¥‹à¤ˆ à¤¨à¤¹à¥€à¤‚ à¤¦à¥‚à¤°-à¤¦à¥‚à¤° à¤¤à¤•, à¤†à¤œà¤¤à¤•+Sportsà¤¤à¤• à¤¸à¤¬à¤¸à¥‡ à¤¤à¥‡à¤œà¤¼.... ğŸ‘ŒğŸ‘ŒğŸ‘ŒğŸ‘ŒğŸ‘ŒğŸ‘ŒğŸ‘ŒğŸ‘ŒğŸ‘ŒğŸ‘ŒğŸ‘Œ",5
1237,very nice sports application,4
1238,This application is very good.But scrolling is very lousy...So I give you 1 ğŸŒŸ..If you solve this problem then I give 5 ğŸ”¯,1
1239,Best,5
1240,Fix the bug immediately,1
1241,Very good app.,5
1242,"This application not loaded home page, not loaded video page, not loaded schedule page, not loading scrore card page . please fix the problem. now app is big problem & not good app now",1
1243,Can't evn open the homepage of this application....waited for 5mins,1
1244,Love u all.. Sports tak is the best.. Love u so much vikrant sir and rahul sir and aal team Members. Respect for your work,5
1245,Grt Work Sports Tak Team. (Ab Aayega Or Mazaaaa),5
1246,App is not working properly. Failed to load anything on home page.,3
1247,So sweet ğŸ‘Œ,5
1248,Good,5
1249,Very slow,2
1250,Very nice This is a amazing app It's really helpful.,5
1251,Nice,5
1252,Very slow please improve it,2
1253,à¤®à¥ˆà¤‚à¤¨à¥‡ à¤µà¤¿à¤•à¥à¤°à¤¾à¤‚à¤¤ à¤¸à¤° à¤•à¥€ à¤à¤‚à¤•à¤°à¤¿à¤‚à¤— à¤‡à¤¤à¤¨à¥€ à¤¶à¤¾à¤¨à¤¦à¤¾à¤° à¤¤à¤¥à¤¾ à¤‡à¤¤à¤¨à¥€ à¤¹à¥‡à¤²à¥à¤ªà¤«à¥à¤² à¤¸à¥à¤ªà¥‹à¤°à¥à¤Ÿà¥à¤¸ à¤¤à¤• à¤¯à¥‚à¤Ÿà¥à¤¯à¥‚à¤¬ à¤ªà¤° à¤šà¤²à¤¾à¤¤à¥‡ à¤¹à¥ˆà¥¤ à¤‰à¤¨à¤•à¥‡ à¤œà¥ˆà¤¸à¥€ à¤¸à¥à¤ªà¥‹à¤°à¥à¤Ÿà¥à¤¸ à¤¯à¤¾ à¤•à¤¹à¥‡ à¤•à¥à¤°à¤¿à¤•à¥‡à¤Ÿ à¤•à¥€ à¤¨à¥à¤¯à¥‚à¤œ à¤•à¥‹à¤ˆ à¤¨à¤¹à¥€ à¤¦à¥‡à¤¤à¤¾ à¤¹à¥ˆà¥¤,5
1254,"Best sports channel and app of india , discussions with our sports editor vikrant sir , rahul sir and great legends like sunil gavaskar sir , harbhajan ji , madan lal ji and many more Love it yaar â™¥ï¸â™¥ï¸ğŸ‘ŒğŸ‘ŒğŸ‘ŒğŸ‘ŒğŸ”¥ğŸ”¥ğŸ”¥ğŸ”¥",5
1255,Very worst app taking lot of time to load UI also not so good Uninstall it,1
1256,Nyc,5
1257,Nice app,5
1258,Nice one Vikrant sir,5
1259,Best thing made,5
1260,Amazing,5
1261,Good Try By sports Tak team ! But need to Fix the Bugs while loading the app...it is taking so much time to load the content.,2
1262,"I watched sportstak since last two years daily, socially aaj ka ajenda .",5
1263,ğŸ‘Œ,5
1264,"Worst aap, generalist are soo trash always troll own captain .",1
1265,Oops!,1
1266,App is good but only the issue it's taking too long to open and loading slow,3
1267,Nice sports tak aap,5
1268,This is the best app!!,5
1269,ğŸ”¥ğŸ”¥ğŸ”¥,5
1270,Very good app for sports lovers.,5
1271,Farji app ğŸ¤£ğŸ˜€ kuch b open nhi ho rhağŸ˜ğŸ˜,1
1272,Awsome app,5
1273,Wow,5
1274,Not better,1
1275,This app is very good app ğŸ‘Œ for all sports news ğŸ‘,5
1276,ğŸ‘ŒğŸ‘Œ,5
1277,Giving 5 stars... Only for vikki paaji and team ke liye ğŸ™ƒ ( app needs improvement and make it smoothie and low data consumption like Crickbuzz),5
1278,Amazing feeling right now before start of ipl,5
1279,"It's Awesome, Everything regarding sports is in one place.",5
1280,Glorious app,5
1281,Kya bekar si app hai vikarnt sir kuch kam karo is aap pr fir bola karo aap download karne ke liye. totally wrong app,1
1282,App is not working,1
1283,Sport tak is very good app and channel,3
1284,Nothing is working on the app. Kalli Poorie is defaming her father's hard earned name and is also defaming the name of journalists like Vikrant in the process. Is she able to look in the eyes of her children Jehanvir and Jianoor after compromising her morals and journalistic principles?,1
1285,Best of Luck ğŸ‘ğŸ‘,5
1286,V nice bikrant sir,5
1287,Good app,5
1288,"App khulne k baad, koi bhi content show hi nhi ho rha. Totally blank aa rha.",2
1289,"à¤«à¤¾à¤²à¤¤à¥‚ application, à¤à¤• à¤¹à¥€ à¤µà¥à¤¹à¤¿à¤¡à¤¿à¤“ à¤¨à¤¾à¤¹à¥€, à¤¬à¤¾à¤¤à¤®à¥€ à¤¦à¤¾à¤–à¤µà¤¤ à¤¨à¤¾à¤¹à¥€ . .. à¤•à¤¾à¤¯ à¤®à¤— à¤®à¥‹à¤¬à¤¾à¤ˆà¤² à¤¡à¥‡à¤Ÿà¤¾ à¤–à¤¾à¤£à¤¾à¤° à¤•à¤¾ à¤†à¤¤à¤¾..",1
1290,"Am going to uninstall this, don't try to copy cricbuzz cuz cricbuzz always no 1 app for cricket lovers. Disgusting app forever SPORTS TAK.",1
1291,So good,5
1292,Very nice,5
1293,Great app best app for sports lover cricket lover â˜ºï¸,5
1294,Not showing any content or results of match... Only buffering,1
1295,NICE ğŸ‘ğŸ»,5
1296,very slow app,2
1297,@Vikrant Sir kam nhi kar raha hai app,1
1298,Revolutionary Excellent,5
1299,Awesome app!!!!!just WOW,5
1300,Great app Very very good,5
1301,Worst app guys. Lot of glitches. These bastards have an agenda against Virat Kohli. That makes me to hate this app even more.,1
1302,Verry slow,1
1303,Lovely sport tak family,5
1304,Vikrant sir meri to app main language slect krne k nxt kuch nhi aa rha,4
1305,What a wonderful Aap which available all things related to sports,5
1306,Great app for sports lover ğŸ‘,5
1307,â¤â¤â¤â¤,5
1308,Nice,5
1309,Trash !!,1
1310,Top class,5
1311,Good ğŸ‘,5
1312,Very good app,5
1313,sir you are bast,5
1314,Love sports tak everywhere,5
1315,Very best wishes sir and love you sport tak,5
1316,Awesome ğŸ”¥,5
1317,Screen is blank plese ise thik kare,1
1318,Execillent,5
1319,"Very slow loading,please not download this very bad app,",1
1320,"The app buttons lag , and its to slow in scrolling",2
1321,Totaly bakhwas so many loading,1
1322,VERY GOOD BUT THERE IS A HUGE PROBLEM THAT HOME PAGE IS NOT LOADING AND GEETING SHOWN... THERE IS NO PROBLEM WITH MY MOBILE I AM USING SAMSUNG A32 LATEST MODEL,4
1323,Doesn't work in Europe,1
1324,Didn't work properly,1
1325,"Very good aap, all sports in one app Very good sports tak team",3
1326,Really surprised her,5
1327,Best app for cricket... Love it,5
1328,Not running,1
1329,Have you tested this application with Samsung s20Fe?? because only black screen showing at my end.,1
1330,"Top app guys, absolutely loved it. You guys do a fabulous job",5
1331,App sucks ..... lags a lot .... Home page is not opening,1
1332,Family growing,5
1333,This is very bad app... This appos bot working and open...when is it open then is black screen....dont download this app and waste of time....ğŸ˜ªğŸ˜ª,1
1334,GOOD AAP,5
1335,Superb,4
1336,Totally waste app,1
1337,Good,5
1338,Does not work,1
1339,No content loading.,2
1340,Vikrant Sir as suggest by you we Download the app but after open app screen display only black and display messge no content available,1
1341,Nice work sports news very good apk,5
1342,Love you Sports Tak I am Sports Tak member in 2018,5
1343,Super,5
1344,Good to see this kind of app,5
1345,Very good aap,5
1346,amazing step â£ï¸â£ï¸â£ï¸â£ï¸,5
1347,Bhaiyo ye app bilkul bakwas app h... Vikrant tumse ye umid nhi tha,1
1348,App is crashed please do something,3
1349,Very good app,5
1350,"I am totally disappointed with this app , it's nothing in the app ,all its shows is black screen ,need to improve the app immediately otherwise it will become one of the worst app",1
1351,"Bad App,Not working",1
1352,Bakchod,5
1353,Supr app,5
1354,Worst app,1
1355,App not working at all. I am not able to see any thing and its showing oops,1
1356,Buggy app not refresh content,1
1357,"Good App, I Request to All of you Guys , Please Support Sports Tak & Also Download Sports Tak",5
1358,Very nice app â¤ï¸â¤ï¸â¤ï¸,5
1359,Overall best apps,4
1360,There is no content and works quiet slowly and buffers a lot,1
1361,Aplication open nahi horahs,5
1362,Right now there is nothing open in this app,4
1363,Superb App,5
1364,Great work to sport Tak team love u all super app sports Tak app ğŸ¥°ğŸ¥°ğŸ¥°ğŸ¥°,5
1365,Very nice app,5
1366,Not working. Downloaded it twice had huge expectations but seems to be half baked.,1
1367,Super,5
1368,Number one sports tak channel India mein or aap bi Hoga â¤ï¸â¤ï¸ğŸ”¥ğŸ’¥,5
1369,I really liked this app,4
1370,"Home screen is blank, no data All tabs are blank Disappointing",2
1371,Poor,1
1372,Very nice,5
1373,Nhi chl rha app,5
1374,"Worst experience, not loading",1
1375,Fantastic cricketğŸ Aap ğŸ‘Œ,5
1376,Awesome ğŸ˜,5
1377,Not working.....only searching,1
1378,Sir mere phone me toh bas black screen dikha raha hai ..... I tried to uninstall and reinstall several times... But again same issue in android phone...... And you tell what is the issue ...,2
1379,Fantastic app sports tak,5
1380,Awesome and interesting app related to sports,5
1381,Really bad. Gets stuck.,1
1382,not working at all right now,5
1383,Worst app,1
1384,Cheap copy of cribuzz and it's not working,1
1385,Good,5
1386,Very good sports Tak,4
1387,good,5
1388,Best sports app of the world,5
1389,Good app,4
1390,I am from Qatar and this app only works in IndiağŸ˜’,1
1391,Very good app for cricket. Get all news of sports specialy cricket.,5
1392,Awesome App,5
1393,Congratulations vikrant sirğŸ˜ğŸ‡®ğŸ‡³ğŸ†,5
1394,Good ğŸ‘,5
1395,Just getting a blank screen. Repeatedly asking choose English or Hindi . Has it crashed or what . It is not loading properly.,2
1396,Outstanding,5
1397,Amazing app for all sports update ğŸ‘Œ,5
1398,"I use sports tak from Starting time , every time Questions & Answer time,Ajenda, Vikrant Sir to know when Aajtak news like &also like Anil ji,Rashika Mam, Rahul ji Gagan Sir , all sports tak family like so much",5
1399,Good app,5
1400,Good App,5
1401,It's a rediculas app waste of download I'm gonna in unstall this app,1
1402,Fantastic,5
1403,Good app,5
1404,"Nice initiative by the team, it will strengthen our bond and will take our relationship to a great height.......#SportsTak #One Family",5
1405,Fantastic app,5
1406,Bakwas hai,1
1407,Just awesome Vicky paji,5
1408,Apperciatable ğŸ‘ğŸ‘ğŸ‘,5
1409,Application is not working please work out of app,1
1410,Black screen,1
1411,A very bad app.... Playstore does't give option to give stars in minus otherwise I would have given that... Don't download total waste,1
1412,Not working....,1
1413,App is just showing black screen and buffering,1
1414,App is not working blank app aptions are not opening,1
1415,Very bad app Totally blank app..... Where is news... Videos......,1
1416,Not working,1
1417,Sports tak is Best.,5
1418,"You can go for it only if you are only alive in this world to listen to Praises of Rohit and hate against Virat, nothing more u will get here! Man I downloaded it and what's the first news, Kohli can be removed from ODI captaincy, Kohli this Kohli that, Rohit this good captain that good player, world's best player, etc, etc. So over to you if u don't want cricket and just want Rohit or hate against Virat, must for you otherwise you should understand yourself now. Moreover, There are tons of ads.",1
1419,Best aap,5
1420,Very nice app great effort by Sports Tak,5
1421,Wonderful app,5
1422,Nice,5
1423,Does this app has any charges,4
1424,Best app for sports ğŸ‘ŒğŸ‘ğŸ™ŒğŸ‘,5
1425,Superb app Sir jiii Download everyone ğŸ™ğŸ™ğŸ™â£ï¸â£ï¸â£ï¸ğŸ’¯ğŸ’¯ğŸ’¯ğŸ’¯,5
1426,Great job vikrant paji and team....,5
1427,"By far the worst cricket channels of all time , the people sit here has no idea about cricket , all they do is spread agenda on cricketers talking about rifts and some useless stuffs and disrespecting them .. Vikrant Gupta if you are reading this , please keep one thing in mind ,one day you will pay for your sins",1
1428,This is the best Sports App,5
1429,Good,5
1430,Wow,5
1431,Osm application ğŸ‘ŒğŸ‘Œ,5
1432,Very good app Thank you so much vikrant sir and sport tak team,5
1433,Experience to baad me pta chalega per Abhi to Vikrant bhai ko badhiyaan ğŸ¤—,5
1434,Good app,5
1435,Nice app,5
1436,NICE APP TNX SPORTS TAKğŸ˜Š,5
1437,"Full Negativity , hate, Virat Vs ms vs rohit",1
1438,I am seeing #SportsTak From last 2 years.,5
1439,Awsm app sports lover go for it and download now.,4
1440,This aap is very niceğŸ‘ğŸ‘,5
1441,Good News Fro me bat this app Slow please improve this app,5
1442,I think some improvement karne hoga,4
1443,App is not working ğŸ˜•,1
1444,Very Nice ğŸ™‚â¤ï¸,5
1445,Fantastic rashika and all members,5
1446,Great app,5
1447,Not working,1
1448,Doesn't open anything,1
1449,V good app,5
1450,Excited for this app as long as vikrant gupta since 2017,5
1451,Bekaar bada slow hai,1
1452,Good app,5
1453,Amazing application,5
1454,Good app,5
1455,Its really great app for us to get any sports news with best ancher like vikrant sirâ¤ï¸,5
1456,Nice,5
1457,Thank you vikrant sir for this wonderful app,5
1458,i am not able to load this app please fix it as soon as possible,1
1459,Very good app I,4
1460,Nice app and very good app,5
1461,Vikrant sir you best ğŸ‘,5
1462,Bug,1
1463,App is not staring.,1
1464,Very good channel,5
1465,Very nice App,2
1466,Only lagging,1
1467,Very useful,5
1468,Very bad app nothing is showing .......,1
1469,Best vikrant sir........ğŸ¤ŸğŸ¤ŸğŸ¤ŸğŸ¤©ğŸ¤©ğŸ¤©,5
1470,Not working,5
1471,Very very bad service,1
1472,Best app for sports lovers ğŸ˜,5
1473,Nice,5
1474,Excellent aap,5
1475,"Not bad ğŸ‘ğŸ˜ , but same change important",3
1476,App showing blank screen in home page.also take too much time to load data.,1
1477,It's very nice,5
1478,Nice,5
1479,this is a great experience to use this app ğŸ‘ğŸ‘ğŸ‘ ğŸ‘ğŸ‘,5
1480,Love ur team sports tak. Virant sir I have already predicted about it yesterday.,5
1481,Sirrra,5
1482,Nice application,4
1483,Open hi nahi ho rha h ye app,1
1484,All the best ğŸ‘ğŸ‘,5
1485,Kuch bhi sahi se nahi khul raha hai,1
1486,Fantastic app,5
1487,App is not working at all! I know it is new app but please resolve the issue.,1
1488,It not showing anything is the app,1
1489,Very good aap,5
1490,Super app,5
1491,Good,5
1492,Good app sports tak,5
1493,Good Aap thank you sports tak and Sports tak team,5
1494,The worst app that I have ever used it's not working. This is waste of data.,1
1495,Best app for sports,5
1496,Need lot of improvement,3
1497,aap not working ğŸ˜•,1
1498,I am waiting for this app,5
1499,Great app ğŸ˜ğŸ˜ğŸ˜,5
1500,Very good,5
1501,Sports tak application is brilliant,5
1502,App is not loading the contents...screen is completely black...plz fix this bug,1
1503,â˜€ï¸â˜€ï¸â˜€ï¸â˜€ï¸â˜€ï¸,5
1504,Very good,5
1505,5 star for Vikrant sir,5
1506,It is good but app is not working,5
1507,They are trying so hard to spread negativity and hatred by their agenda ğŸ¤¬,1
1508,Most knowledgementğŸ‘ğŸ‘,5
1509,Kya bat hai dil khus kardiya oll the best vikrant sir,5
1510,Ye sahi h bhai log bina koi jhijhak k download kr lo thoda slowly h but thik ho jayega,5
1511,Aajtak ka ya sports tak ka Sports lovers k liye first app Jisme all of features h I loved it ğŸ¥°ğŸ¥°ğŸ¥°ğŸ‘ğŸ‘Œ,5
1512,Vikrant Gupta ji ke liye Ham aaj yha hai,5
1513,Nice app but very slow,4
1514,Vikrant sir op,5
1515,Jj,4
1516,Not working for me...i am seeing a blank screen,1
1517,Good,5
1518,Nice app,1
1519,Good App ğŸ‘,5
1520,Thank you very much Developers for making this very beautiful app. And Specially thank you to Vikrant sir.,5
1521,Very slow working,1
1522,No information useless app,1
1523,App is a great platform for sports tak lover nd all but need to improve,3
1524,Good app,5
1525,Mind fresh,5
1526,Goodapp,5
1527,This application is very good,5
1528,Bhut acha app h,5
1529,Nyc,5
1530,Perfect experience for criket updates,5
1531,Ab aayega mjaa khusiya batni ho to jarur aaye sb sath mil kr khuch fany krke enjoy krte h bhut achha sir ji vikrant rahul ji any sir,5
1532,Useless app don't even opens,1
1533,"Overall good app, but Vikki paji ke insta, twitter ke saath saath ek aur app ka promotion sun na padega roj ğŸ˜‚ğŸ˜‚ğŸ˜‚",4
1534,Bhot acha sports ka platform deya h aapne... ğŸ˜ğŸ˜Thanks sports takâ¤â¤,5
1535,Five stars? Damm yes!,5
1536,Best in the wourd,5
1537,Nice,5
1538,Currently aap isnt working but i hope you fix the problem what we face,3
1539,Vikrant sir big fan of you.,5
1540,Love u all sport tak group great job and idia wissing best gys allthebest,5
1541,This app was very goodğŸ‘ğŸ‘,1
1542,Completely download this app but didn't working. I don't know why? Tell me please?,1
1543,Wait karo guys..Vikrant Sir par yakin karo.. update hoga app.... Launch hua he just abhi...,4
1544,No coverage at all.,1
1545,Nice application for sports parson enjoyment. Thankyou so much india Today natwork and vikarnt gupta sir,5
1546,Fake tak app not working,1
1547,Very very very basic app. Someone of the stature of india today group should have provided a decent app,1
1548,Amazing app vikki sir love you,5
1549,Useless! Trust me useless.,2
1550,Nice app ğŸ‘,5
1551,"Just a black screen no data on this app. This is how you launch app to show no information no home, videos, news, schedule is not working",1
1552,Very good app,5
1553,Vikrant Gupta kya kiya hai yeh. Bilkul Bakwas app hai Please do not download this app Guys. It's totally waste. I hate this app. Very Slow + Does not Notify. I have uninstalled Sports tak...,1
1554,Good app.but the best feature is match highlights,4
1555,well done sports tak team . keep going & keep improving,5
1556,Awesome,5
1557,"Language is showing as ""Hind"" or ""Englis"". Last letters are missing. Also, after app opens, it is totally blank - nothing is appearing in any tabs. Kindly look into it",2
1558,Good work by sports tak team,5
1559,Good app,5
1560,Great app all sports in one place,5
1561,Good app,5
1562,ğŸ‘ğŸ‘,5
1563,Crash ho gaya app Vikrant sir,4
1564,Love it,5
1565,Not working,1
1566,So much scoring fix it,2
1567,Great app for cricket and world ğŸŒğŸŒğŸŒ,5
1568,I am very happy because your team is very hard work and congratulations Vikki paji,5
1569,Superbb App n. Salute sports tak team,5
1570,Good kick off,5
1571,App kam nahi kar raha,1
1572,Yh app bahut achi app h ...all sports tak team se mera promise h T20 world cup se phle 1000 logo se install krwaunga....ğŸŒ MS Dhoni fan Vikas Kumar Sharma,5
1573,Chha gye vikki paji,5
1574,Data Not come ..blank page only in App,1
1575,Its too slow. Need improvement.,1
1576,Sports.Tak.ap.verinik. Gud ap,5
1577,ANTI VIRAT LOBBY,1
1578,Good aap,5
1579,Bakwaas app hai kuch bhi open nhi ho raha hai,1
1580,Super,5
1581,This is a very good app for all sports lover,5
1582,LOVED IT EVERY SPORTS NEWS IN JUST ONE SINGLE APP,5
1583,Bakvaas,1
1584,Beautiful sports appâ¤ï¸â¤ï¸,5
1585,very good,5
1586,Not working,1
1587,Good App All In One In Sports Tak.Good Gob By Team Sporta TakğŸ‘,5
1588,ğŸ…ğŸ…,5
1589,Sports tak is best Rahul and Vikrant are my favourite Anil Singh is fearless while talking.,5
1590,App crashed when opened.,1
1591,Goog app,5
1592,This App Is Great App...,5
1593,Excelent,4
1594,"No content showing, I just unistalled it",1
1595,Great app ğŸ‘Œ,5
1596,Expecting it to be the best,5
1597,Vikrant sir he is app me vary good this app,5
1598,"Absolutely tremendous app for sports both cricket,football and even other sports coverage is coming in it you can follow sports easily from this app",5
1599,Good app,5
1600,Best of Luck for Entire Sports Tak Team.Keep it Up.,5
1601,Gooooooooooooood,5
1602,à¤µà¤¿à¤•à¥à¤°à¤¾à¤‚à¤¤ à¤°à¤¾à¤¹à¥à¤² Sir Love u â¤â¤â¤â¤â¤â¤,5
1603,Very good ğŸ˜Š,5
1604,Good app so excited,5
1605,Nice app,5
1606,I am very exited about this app,5
1607,Goood,5
1608,This app is very easy to helpfully app,5
1609,I want sports tak in app But Starting problem Hop do Better and better,3
1610,Big fan Vikrant sir,5
1611,Good Ui â£ï¸,5
1612,Very nice app all sports information in one place great,4
1613,Great start,5
1614,Great app,5
1615,There are some glitches that can be fixed easily. Love you Vikky pajiğŸ˜,4
1616,Nice app,5
1617,Good job...,5
1618,Great app,5
1619,What A Spurize ğŸ˜Š Beautiful app,4
1620,Best,5
1621,Fan of sports tak,5
1622,Abhi dhekha nahi ğŸ˜‚ğŸ˜‚ğŸ˜‚ğŸ˜‚,5
1623,Sir please to do live streaming sir please,5
1624,Great app,5
1625,Op,5
1626,Superbb app Vikrant Sir,4
1627,Worst app ever nothing was there in it,1
1628,Good app,5
1629,Nice app,5
1630,Vikrant Sir Best Appâ¤ï¸,5
1631,Nice,5
1632,Excellent,5
1633,Excellent,5
1634,Its not working - stucked on black screen n saying no news,1
1635,ğŸ˜˜EXCELLENT â™¥ï¸ APPğŸ˜‹,5
1636,Good aap,5
1637,By far the best thing done by sports tak and team I really loved really thank you sports tak for launching this app,5
1638,Good App,5
1639,Best app,5
1640,Very nice sports takâ¤ï¸â¤ï¸,5
1641,Full on Bugs operating this app,1
1642,Nothing is visible,1
1643,Hello vikrant sirğŸ˜ƒğŸ˜,5
1644,Not working at all,1
1645,Nice,5
1646,Great app for me,5
1647,Great,5
1648,Wonderful app well done,5
1649,Best everâ™¥ï¸,5
1650,Thanks for vikrant sir and sports tak team,5
1651,Wonderful aapğŸ‘ŒğŸ‘Œ,5
1652,Waiting for this ğŸ˜,4
1653,Good app big fan vikrant Gupta,5
1654,ğŸ™ˆğŸ™ˆğŸ™ˆğŸ’ªğŸ‘ğŸ‘ğŸ‘,5
1655,Excellent,5
1656,Must,5
1657,"Good app, but slow loading, Need tobe fast,",5
1658,Worst app ever,1
1659,Its amazing ğŸ‘ŒğŸ‘ŒğŸ‘ğŸ‘,5
1660,best aap vikrant sir â¤ï¸ğŸ˜ğŸ˜,5
1661,Pathetic !!,1
1662,Nice app,5
1663,Excellent app,5
1664,Downloaded this app just because of Vikrant.,5
1665,One of the best sports channels and aap,5
1666,Nhi chal rahi,3
1667,Vikrant sir thank for app provide,5
1668,Loved it,5
1669,Hope same charisma as sports tak channel here too,5
1670,Aap log isko launch Karne wale ho hum pahle hi download kr chuke hai ğŸ˜… All the best Team Sports Tak we are with you ğŸ™Œ,5
1671,Excellent,5
1672,Vikki paaji â¤ï¸,5
1673,One of the first to rate the app Knew this will happen sports Tak will launch its own app Great app ğŸ‘ğŸ‘,5
1674,Tolaram,1
1675,Excellent,5
1676,ğŸŒ±ğŸ¯ğŸŒ±ğŸŒ±ğŸ¯ğŸŒ±ğŸğŸŒ± ğŸŒ±ğŸ¯ğŸŒ±ğŸŒ±ğŸ¯ğŸŒ±ğŸŒ±ğŸŒ± ğŸŒ±ğŸ¯ğŸ¯ğŸ¯ğŸ¯ğŸŒ±ğŸ¯ğŸŒ± ğŸŒ±ğŸ¯ğŸŒ±ğŸŒ±ğŸ¯ğŸŒ±ğŸ¯ğŸŒ± ğŸŒ±ğŸ¯ğŸŒ±ğŸŒ±ğŸ¯ğŸŒ±ğŸ¯ğŸŒ± ğŸŒ¼ğŸŒ± Hi honey! ğŸŒ±ğŸŒ¼,4
1677,Need some improvement and update.,2
1678,Rupeshkumar,5
1679,ï½„ï½…ï½“ï½ƒï½…ï½ï½„ ï½ˆï½—ï½…,2
1680,Kavish,5
1681,Amazing aapp,5
1682,Op,5
1683,Good,4
1684,Super app and satisfying,5
1685,Total coverage,5
1686,"à¦¦à§‡à¦–à§‡ à¦®à¦¨à§‡ à¦¹à¦² à¦­à¦¾à¦², à¦¤à¦¾à¦‡ à¦¨à¦¿à¦²à¦¾à¦®",5
